FirstName,LastName,Cin,Phone,Email,Address
Tally,Mintrim,287-54-9821,2905660897,tmintrim0@friendfeed.com,1739 Burning Wood Terrace
Kettie,Minichi,852-58-7864,7339642853,kminichi1@deviantart.com,85028 Cottonwood Junction
Betta,Anmore,128-70-2341,6182948158,banmore2@sakura.ne.jp,40 Mcbride Junction
Hastings,Baselio,667-94-6594,7583278939,hbaselio3@fotki.com,93 Mendota Road
Tades,O'Moylan,308-77-9124,3395537336,tomoylan4@answers.com,83983 Morning Way
Godfree,Pache,881-61-3190,7728968080,gpache5@edublogs.org,59711 Lakewood Circle
Steffen,Fenelon,546-82-4996,8678897165,sfenelon6@skype.com,7898 Oakridge Alley
Izabel,Coppenhall,822-36-1583,6506931277,icoppenhall7@lulu.com,06 Acker Park
Ashley,MacAllan,187-72-7751,7351684278,amacallan8@mtv.com,0 Del Sol Hill
Panchito,McVrone,377-31-0345,2691477251,pmcvrone9@admin.ch,5 Tennessee Junction
Eduardo,Tourot,483-94-1136,2102509655,etourota@upenn.edu,9 Bowman Court
Bea,Killingbeck,867-73-8030,8443331942,bkillingbeckb@histats.com,4 Holmberg Place
Jory,Dubery,699-68-7662,1519994236,jduberyc@toplist.cz,91078 Straubel Way
Rorie,Gillbanks,412-65-0449,2395006296,rgillbanksd@addthis.com,635 Hoepker Lane
Kimberly,Mainds,766-37-5031,3553562021,kmaindse@g.co,9 Debs Center
Arline,Fender,336-15-8310,2221215751,afenderf@opera.com,3 Village Avenue
Wright,Gonneau,650-27-1203,7952973403,wgonneaug@csmonitor.com,285 Hayes Center
Lilas,Calvie,511-38-7719,7593834651,lcalvieh@techcrunch.com,02053 Armistice Place
Nonnah,Duffill,247-26-3725,5448379886,nduffilli@unblog.fr,55 Northview Circle
Henrieta,Bodycote,513-29-5001,7496415780,hbodycotej@posterous.com,97451 Mifflin Center
Sax,Martinat,571-03-6690,5839321699,smartinatk@i2i.jp,89 Messerschmidt Place
Brod,Bernardini,391-53-8476,1569653030,bbernardinil@webs.com,717 American Trail
Carmelle,Santon,107-99-5745,6659674322,csantonm@nba.com,1066 Butternut Park
Sig,Layzell,144-57-5330,6104424205,slayzelln@clickbank.net,59628 8th Way
Karla,Kubasek,386-04-5912,4722084784,kkubaseko@ebay.co.uk,081 Reindahl Crossing
Chris,Barling,366-48-6220,8237203534,cbarlingp@1688.com,765 Amoth Center
Tim,Alfwy,620-01-7828,8802708865,talfwyq@nps.gov,34327 Manley Center
Antonie,Clemitt,858-04-9319,3008671495,aclemittr@myspace.com,8 Helena Street
Sergei,Novkovic,557-04-2995,4786439722,snovkovics@netvibes.com,5 Gateway Junction
Kellina,Coutts,567-96-0909,2878432424,kcouttst@narod.ru,0 Spenser Hill
Krystyna,Samweyes,869-20-0833,6425379376,ksamweyesu@imdb.com,280 Randy Trail
Sax,Durram,530-84-3377,9106550744,sdurramv@archive.org,981 Kensington Terrace
Theresita,Davidove,871-75-2438,4976542320,tdavidovew@loc.gov,89406 Mifflin Hill
Meier,Cracknall,213-51-2646,3473854377,mcracknallx@simplemachines.org,5953 Dakota Drive
Luz,Larby,661-66-9001,2313853993,llarbyy@auda.org.au,21 Sullivan Circle
Charin,Limming,250-66-4081,1971190764,climmingz@sfgate.com,53 Ramsey Alley
Mikkel,Mathewes,116-46-6670,6178893617,mmathewes10@china.com.cn,8 Schlimgen Drive
Abbott,Rowbottom,751-02-6943,4261773877,arowbottom11@blogs.com,20 Mosinee Hill
Glori,Dalgarnowch,596-25-1163,6538496072,gdalgarnowch12@businessinsider.com,84 Westerfield Terrace
Jake,Tales,717-28-1703,1967798847,jtales13@wikia.com,4 Dahle Court
Nanny,Legendre,320-54-8909,1375424388,nlegendre14@cdbaby.com,5026 Victoria Point
Raina,Ramsbotham,685-02-3941,8027207807,rramsbotham15@chicagotribune.com,82 Paget Alley
Conan,Rains,782-99-8955,5835202255,crains16@thetimes.co.uk,76621 Hazelcrest Point
Cordelie,Estoile,622-46-3985,7196763914,cestoile17@japanpost.jp,84903 Reinke Alley
Donovan,Meriguet,503-44-0402,9962853502,dmeriguet18@simplemachines.org,28 Lake View Trail
Giulietta,Rackham,166-07-2488,4648920610,grackham19@google.co.uk,5578 Northview Center
Quinn,Cattellion,507-03-8819,6251154730,qcattellion1a@noaa.gov,166 Kedzie Hill
Carr,Woodyear,293-74-6543,2263461320,cwoodyear1b@msn.com,25356 Waubesa Point
Riki,Smewing,115-63-7125,5919868858,rsmewing1c@google.nl,75765 Dapin Street
Jessi,Boshers,200-93-2901,3698407616,jboshers1d@symantec.com,2117 Montana Street
Marcelia,Dumper,387-17-2493,2125739106,mdumper1e@goo.ne.jp,18246 Tennessee Trail
Jane,Allred,717-26-3369,1938505963,jallred1f@blogspot.com,01014 Warner Way
Frank,Stinson,565-62-9745,8842152773,fstinson1g@cam.ac.uk,6685 Bluestem Alley
Bill,Freddi,534-57-1611,7053879520,bfreddi1h@xrea.com,987 Cherokee Lane
Gerri,Oppy,713-37-7466,5457382031,goppy1i@1und1.de,85552 Sage Point
Maxwell,Ledington,386-25-2044,1764622200,mledington1j@123-reg.co.uk,13161 Karstens Pass
Byran,Berringer,745-39-7593,1742580671,bberringer1k@ibm.com,442 Jenifer Lane
Nester,Nashe,774-11-0741,8545061541,nnashe1l@naver.com,715 Brickson Park Road
Rois,Spillard,314-97-9278,8742414066,rspillard1m@hud.gov,486 Porter Road
Brooke,Furlonge,149-04-8048,4575793501,bfurlonge1n@booking.com,612 Toban Crossing
Harlie,Beglin,749-53-1833,2842194361,hbeglin1o@pinterest.com,179 Red Cloud Point
Onfre,Aubry,342-80-2115,3602343506,oaubry1p@mac.com,5 Dennis Junction
Jacques,Ind,183-50-8429,3905501759,jind1q@networksolutions.com,4 Prairieview Way
Max,Michelotti,136-11-9251,6318203189,mmichelotti1r@cisco.com,32 Ramsey Street
Worth,Gullyes,685-92-3234,6067730059,wgullyes1s@amazonaws.com,204 Melby Drive
Ceciley,Cookley,773-10-4711,3297445201,ccookley1t@nba.com,42482 Messerschmidt Avenue
Beverie,Dougher,771-75-2317,3614272130,bdougher1u@google.com.br,724 Browning Center
Loretta,Peye,202-18-4501,5782547490,lpeye1v@google.com.au,82 Loftsgordon Court
Correy,Cianni,464-81-4537,9517607532,ccianni1w@devhub.com,51 North Trail
Ervin,Rickets,591-84-1143,4252958190,erickets1x@ow.ly,4392 Larry Lane
Teresita,Bignal,857-02-9608,2443505163,tbignal1y@yale.edu,02 Ruskin Place
Robina,Faull,396-40-4402,9015832855,rfaull1z@japanpost.jp,2 Kennedy Road
Bethena,Caudell,617-14-0467,4383235303,bcaudell20@merriam-webster.com,3 Riverside Road
Neda,Klimentov,668-74-0792,1075499270,nklimentov21@clickbank.net,238 Manitowish Pass
Sandra,Blackshaw,593-48-8300,4567919305,sblackshaw22@wunderground.com,5 Onsgard Junction
Marlee,Carwithen,371-91-4950,6431707319,mcarwithen23@ftc.gov,86481 Elgar Drive
Jesus,Titterton,125-98-8427,2023469148,jtitterton24@yale.edu,767 Texas Alley
Siward,Harford,645-37-9157,1626981536,sharford25@google.pl,53287 Lakewood Gardens Road
Jacynth,Le Noury,373-16-0211,9802444262,jlenoury26@woothemes.com,2 Acker Drive
La verne,Pepis,438-93-3661,7721140842,lpepis27@mayoclinic.com,0 Harbort Drive
Ellissa,Patching,838-31-2223,4247617743,epatching28@123-reg.co.uk,52 Hoepker Hill
Alena,McDuff,436-54-8124,8067311111,amcduff29@homestead.com,0 Oxford Hill
Darn,Jaggi,366-76-1318,4564818413,djaggi2a@elegantthemes.com,40521 Green Court
Raphaela,Newns,767-79-1062,4411832118,rnewns2b@umich.edu,2 Roth Center
Astrix,Bard,478-42-1880,3899969926,abard2c@devhub.com,83249 Lyons Place
Orson,Fitzsimmons,466-07-2050,1708056252,ofitzsimmons2d@360.cn,4041 Kedzie Place
Bertrando,Worner,495-55-1437,7194299769,bworner2e@cdc.gov,92 Southridge Road
Magdaia,Bonick,786-47-4063,8107605444,mbonick2f@opensource.org,00211 Anderson Alley
Moshe,De Goey,509-45-1573,2478846801,mdegoey2g@fda.gov,11 Melrose Crossing
Hannah,Matyas,433-29-8598,6662410084,hmatyas2h@blogtalkradio.com,559 Alpine Court
Darrel,Searson,194-59-6011,3634144949,dsearson2i@e-recht24.de,0 Garrison Road
Cora,Ranking,777-77-5334,7664031280,cranking2j@disqus.com,455 Mockingbird Junction
Rene,Bavester,739-77-1346,1923691212,rbavester2k@engadget.com,72224 Kennedy Parkway
Joanie,Hake,530-02-4387,1193315019,jhake2l@tmall.com,638 Merchant Crossing
Maryanne,Heindle,103-58-5983,6191949664,mheindle2m@slashdot.org,813 Mayer Lane
Hayward,Threader,885-51-3427,1807409536,hthreader2n@deliciousdays.com,08357 Emmet Road
Catha,Hefford,540-57-5134,7028518094,chefford2o@vinaora.com,12 North Plaza
Nevin,Lorenzo,647-12-9187,7374087036,nlorenzo2p@nifty.com,7811 Ruskin Pass
Mehetabel,Tollett,507-17-7768,7193918304,mtollett2q@free.fr,30 Susan Place
Jannelle,Compson,252-52-6232,7804646254,jcompson2r@smugmug.com,293 Becker Plaza
Lisa,Reglar,576-90-7315,5155150608,lreglar2s@census.gov,8669 Prairieview Center
Flinn,Limbrick,889-87-5407,3502821288,flimbrick2t@blog.com,84736 Drewry Circle
Charlotte,Gregorin,523-84-4593,4569078390,cgregorin2u@taobao.com,9009 Walton Terrace
Vin,Lansbury,230-59-8655,3434915529,vlansbury2v@wired.com,92133 Burrows Lane
Artemas,Yarrell,368-10-6187,4554154989,ayarrell2w@printfriendly.com,674 Scoville Way
Zondra,Sayle,883-34-3675,4886364340,zsayle2x@hud.gov,70289 Starling Road
Ahmad,Screas,429-53-4298,9246165505,ascreas2y@wordpress.org,86488 Beilfuss Parkway
Caleb,Davenell,536-20-3947,4442589750,cdavenell2z@apple.com,83830 Continental Court
Artur,Denslow,653-06-5387,2089920815,adenslow30@psu.edu,302 Fallview Road
Abagael,Cobbledick,362-75-4982,5726697049,acobbledick31@washington.edu,502 Moulton Point
Antonietta,Roggeman,823-51-7258,6763411450,aroggeman32@hao123.com,73 Golf Road
Elroy,Dable,144-43-7843,6579081353,edable33@angelfire.com,67664 Muir Way
Louella,Statham,134-64-9286,9062515425,lstatham34@geocities.jp,59 Harper Way
Edgar,Camin,567-06-2546,8428236733,ecamin35@ask.com,914 Scoville Place
Robinetta,Devitt,140-19-5660,4727816076,rdevitt36@columbia.edu,2 Saint Paul Circle
Natty,Ranking,106-75-0123,2912132016,nranking37@whitehouse.gov,4152 Raven Avenue
Carmon,De Angelo,105-88-9906,4236289286,cdeangelo38@ifeng.com,268 Eagan Point
Beverley,Ramble,702-24-4274,2954206167,bramble39@google.ru,81070 Sheridan Court
Natalee,Keene,168-16-0354,2667709012,nkeene3a@walmart.com,5 South Parkway
Faith,Shoute,731-61-4478,6752062535,fshoute3b@disqus.com,57 Nelson Circle
Wendell,Hammerich,706-99-7435,9862471233,whammerich3c@japanpost.jp,124 Mariners Cove Plaza
Burch,Duchenne,590-73-3865,8609990614,bduchenne3d@networksolutions.com,86862 Forest Point
Loralee,Izod,796-04-7190,2694153567,lizod3e@accuweather.com,791 Crowley Center
Adena,Pitchford,147-33-2139,4206149018,apitchford3f@indiegogo.com,6 Bunting Road
Alaric,Pharaoh,588-30-7607,9996975677,apharaoh3g@tmall.com,1 Golden Leaf Center
Marty,Hearley,540-41-9817,2703626956,mhearley3h@wired.com,7 Corscot Trail
Hobey,Westcot,306-01-3709,9673357683,hwestcot3i@wunderground.com,85 Eagle Crest Court
Mayne,McFaell,732-20-1729,9994093817,mmcfaell3j@xrea.com,985 Service Drive
Corette,Meany,808-56-1689,4519589346,cmeany3k@columbia.edu,0273 Morning Court
Francene,Lutton,859-59-0749,2344624159,flutton3l@tinypic.com,1 Wayridge Park
Brigit,Kniveton,428-56-3158,9295879867,bkniveton3m@cargocollective.com,21326 Porter Hill
Valentin,Rochewell,364-72-3540,6345296462,vrochewell3n@example.com,70461 Westport Street
Charlotte,Grafom,567-27-1728,4293644438,cgrafom3o@google.com.au,1 Novick Alley
Kellen,Nockells,278-68-1377,1102389808,knockells3p@etsy.com,02 Northfield Drive
Trenna,Harwick,560-19-4531,6642902970,tharwick3q@virginia.edu,9857 Ridgeview Court
Hamil,Banck,663-18-3522,5164477556,hbanck3r@posterous.com,3 Longview Plaza
Sibby,Lovelace,525-03-5412,1264798007,slovelace3s@bandcamp.com,4971 Buell Lane
Mabelle,Pilkington,581-53-7652,1218107246,mpilkington3t@surveymonkey.com,52 Lotheville Crossing
Rutger,Kilgannon,410-31-3947,3769287117,rkilgannon3u@tamu.edu,87 Ohio Circle
Eadmund,Scritch,600-47-7492,7464151397,escritch3v@sbwire.com,8 Barby Street
Rafi,Canti,352-17-9267,1899722165,rcanti3w@google.com.au,14967 Melody Drive
Amity,Clementi,183-68-3593,4186757808,aclementi3x@arizona.edu,44 Crest Line Road
Cleve,Virgo,708-47-5850,6657586351,cvirgo3y@gnu.org,98 Veith Plaza
Kasey,Sayburn,449-88-9518,3855645328,ksayburn3z@msn.com,6 Waywood Way
Nancey,Fullerlove,309-30-6767,1106077857,nfullerlove40@over-blog.com,14 Victoria Terrace
Thain,Devo,246-99-8708,3159491033,tdevo41@narod.ru,59 Dovetail Pass
Dalia,Pitcaithly,857-14-7152,1807384699,dpitcaithly42@istockphoto.com,913 Ronald Regan Plaza
Randal,Keaves,387-88-0863,1329094267,rkeaves43@prlog.org,09175 Spohn Road
Kelsy,Jakubovitch,356-96-9087,6371009637,kjakubovitch44@jalbum.net,5039 Bay Drive
Tanner,Bruyett,495-46-7798,9402948170,tbruyett45@mozilla.org,40625 Golf View Center
Siobhan,Lindermann,179-85-2131,8667811467,slindermann46@timesonline.co.uk,7 Eggendart Drive
Reynolds,Fancott,574-10-3223,1167299530,rfancott47@wiley.com,96321 Kennedy Circle
Gleda,Kinder,532-37-6748,1851774166,gkinder48@google.de,8496 Mallard Pass
Rosy,Fairest,477-81-7885,1774937515,rfairest49@de.vu,054 Del Mar Alley
Faulkner,Angier,710-39-4374,4151175744,fangier4a@ovh.net,28 Saint Paul Court
Josias,Alenin,495-76-7668,6481247763,jalenin4b@parallels.com,668 Moulton Way
Paddy,Giller,140-84-8460,9167940705,pgiller4c@trellian.com,323 Brickson Park Crossing
Loraine,De Giorgi,806-55-7217,3141271740,ldegiorgi4d@epa.gov,7 Prairie Rose Lane
Cynthia,Floris,829-97-0649,2004277466,cfloris4e@blogs.com,9 Kennedy Drive
Katrinka,Choldcroft,307-72-7941,1349045760,kcholdcroft4f@over-blog.com,4333 Welch Road
Glad,Seson,342-13-2874,5005515025,gseson4g@sbwire.com,423 Butterfield Court
Zorine,Mashro,343-12-2295,1762551661,zmashro4h@businessinsider.com,2 Eggendart Alley
Agretha,Dunmore,350-10-6256,6975785050,adunmore4i@amazon.co.uk,00348 Kenwood Crossing
Winthrop,Seago,743-76-1101,9205836743,wseago4j@cmu.edu,560 Corscot Place
Whitney,Wheatman,311-67-9829,2454268740,wwheatman4k@baidu.com,17302 Washington Trail
Ragnar,Halleybone,702-60-6353,9271498586,rhalleybone4l@goo.gl,1012 Nelson Terrace
Mychal,Haysar,231-66-5816,9146957630,mhaysar4m@shinystat.com,690 Esker Way
Linc,Master,822-40-6237,9397627750,lmaster4n@bluehost.com,634 Sauthoff Lane
Sile,Preist,617-50-6550,5344692854,spreist4o@washingtonpost.com,065 Redwing Trail
Carey,Honisch,861-51-3024,8609075661,chonisch4p@odnoklassniki.ru,6 Sunnyside Terrace
Johnette,Mohun,481-03-7077,8309327155,jmohun4q@ca.gov,9868 Riverside Place
Margareta,Arne,740-45-7595,6223521539,marne4r@arstechnica.com,3 Ridgeview Drive
Nichole,Mathon,801-43-0247,5773291470,nmathon4s@de.vu,93 Fair Oaks Junction
Ogdon,Kolak,277-74-6749,2154458932,okolak4t@cmu.edu,41393 Mendota Park
Andreana,Porcas,338-72-0625,3389539428,aporcas4u@163.com,9718 Hauk Way
Danya,Le Prevost,635-70-0452,9117670474,dleprevost4v@macromedia.com,9125 Pawling Point
Arabella,McEttigen,498-06-0041,1393564507,amcettigen4w@ft.com,97 Larry Park
Bobbee,Dripps,290-40-5628,6179973745,bdripps4x@nifty.com,52 Caliangt Road
Harriot,Buckney,695-19-8606,2531572170,hbuckney4y@cdc.gov,06307 Express Terrace
Magdalen,Wilkennson,580-69-7338,5013333163,mwilkennson4z@newyorker.com,2 Anniversary Junction
Morten,Filon,689-47-4133,2186130085,mfilon50@yahoo.co.jp,9 Mcbride Trail
Umeko,McKeaveney,808-42-6823,2766328151,umckeaveney51@bloglovin.com,7600 Reindahl Hill
Myles,Daverin,148-47-7956,1626147350,mdaverin52@mac.com,7745 Thompson Lane
Raphael,Mingay,492-50-3834,8171469470,rmingay53@163.com,54317 Farwell Terrace
Shandra,Stutter,104-02-3913,4277234739,sstutter54@nasa.gov,7679 Schmedeman Circle
Dwain,Leggs,272-37-0857,7675972498,dleggs55@topsy.com,09 Bunker Hill Park
Bernhard,Hansana,311-36-1034,3578218136,bhansana56@marriott.com,07 John Wall Hill
Town,Ellcock,575-33-7848,9479044419,tellcock57@opera.com,74 Lyons Crossing
Whitaker,Beddie,623-38-9732,6738153290,wbeddie58@uol.com.br,0202 Cordelia Drive
Daffi,Castanos,422-46-6461,6722844952,dcastanos59@hostgator.com,84532 Main Place
Agna,Coombe,167-53-7233,5009939410,acoombe5a@marketwatch.com,48771 Ridge Oak Circle
Leonanie,Brameld,843-01-3190,9064082006,lbrameld5b@ebay.co.uk,5 Schlimgen Terrace
Lauree,Dutteridge,555-68-6818,8219039714,ldutteridge5c@intel.com,649 Delladonna Park
Reinald,Peterkin,299-06-8348,3288135442,rpeterkin5d@trellian.com,152 Jana Road
Free,Kubas,760-89-6312,3726555381,fkubas5e@businessweek.com,128 Amoth Way
Legra,Lyptratt,810-51-4805,1277692815,llyptratt5f@themeforest.net,5 Graceland Lane
Wenona,Abbie,530-64-4112,1722100812,wabbie5g@biblegateway.com,1060 Cherokee Junction
Ann,Bellison,152-57-4784,4636102686,abellison5h@cnbc.com,7 Mariners Cove Point
Oralie,Kopps,527-05-7789,5886903841,okopps5i@skyrock.com,0047 Longview Junction
Barton,Sankey,883-32-7522,5624997454,bsankey5j@ca.gov,1025 Maywood Way
